year,entity,count,amount,level
2018,maharashtra,16387034,21711613257.725674,state
2018,uttar pradesh,12537805,13939970923.223106,state
2018,karnataka,12016899,19217895314.012802,state
2018,west bengal,11710225,10625978552.140453,state
2018,andhra pradesh,9039585,11996276391.823706,state
2018,telangana,8522766,13308204118.542435,state
2018,madhya pradesh,8025395,8681603403.446348,state
2018,rajasthan,7591690,8926293130.72684,state
2018,delhi,7122754,11211503806.91996,state
2018,tamil nadu,6726622,11261557697.516891,state
2018,bengaluru urban,8306513,14162750303.06484,district
2018,pune,3842929,5378982326.835919,district
2018,central delhi,2997714,4312145216.274474,district
2018,mumbai,2671029,3923116793.952079,district
2018,chennai,2656230,4281137762.522443,district
2018,hyderabad,2545507,4287223789.76588,district
2018,jaipur,2417174,2953086960.1413727,district
2018,birbhum,2125816,2520486412.452376,district
2018,kolkata,2043129,2753347660.1429114,district
2018,bhopal,1704495,1905473874.8326716,district
2018,560001,2917356,4684262246.184548,pincode
2018,110006,2636324,3714139312.238586,pincode
2018,400008,2227885,3105208723.475169,pincode
2018,600003,2010196,2997847000.265506,pincode
2018,731101,1764956,2366771285.7278423,pincode
2018,700009,1390629,1851145374.4001179,pincode
2018,411001,1055656,1413523605.5956619,pincode
2018,500012,933013,1643061976.4262943,pincode
2018,462001,832846,898730606.684653,pincode
2018,201301,690196,987613438.9540119,pincode
2018,maharashtra,22285740,36357057241.12254,state
2018,west bengal,18082446,18629183470.204285,state
2018,uttar pradesh,17710943,25720201695.701435,state
2018,karnataka,17116447,33515580081.29709,state
2018,andhra pradesh,12353918,22883914272.633617,state
2018,telangana,10764670,23017201517.652737,state
2018,madhya pradesh,10561412,15924081066.680984,state
2018,tamil nadu,9992128,20125844276.267662,state
2018,rajasthan,9973697,15559086175.759623,state
2018,delhi,9373723,17446299902.205147,state
2018,bengaluru urban,11916035,23824727965.49048,district
2018,pune,5162876,8513428062.925206,district
2018,chennai,3719593,7305357440.752291,district
2018,central delhi,3589206,6223466821.092629,district
2018,mumbai,3277612,6048515205.760132,district
2018,jaipur,3175255,4952882923.415596,district
2018,hyderabad,3156805,6628159910.681627,district
2018,birbhum,2775489,3988930679.767912,district
2018,kolkata,2501448,4109821729.8900533,district
2018,north twenty four parganas,2119664,2509379355.091834,district
2018,560001,3777086,7545089760.607167,pincode
2018,110006,3069733,5237594871.124264,pincode
2018,600003,2771900,5194488793.022476,pincode
2018,400008,2631405,4703762207.003538,pincode
2018,731101,2134258,3697928407.603048,pincode
2018,700009,1473202,2566583723.725673,pincode
2018,411001,1316115,2145613783.5507011,pincode
2018,500012,1024336,2257038218.1929708,pincode
2018,201301,971854,1673280979.3831716,pincode
2018,462001,928983,1443626493.1959715,pincode
2018,west bengal,53705416,41843934183.177635,state
2018,maharashtra,31538538,52260817733.24835,state
2018,odisha,30052155,23094515775.585762,state
2018,uttar pradesh,26515356,37012114369.23937,state
2018,karnataka,25980261,48225091755.80772,state
2018,andhra pradesh,25626061,35718044599.21416,state
2018,telangana,19332703,32030093209.72354,state
2018,delhi,18547048,27375846860.618515,state
2018,madhya pradesh,17126985,24149742204.673225,state
2018,tamil nadu,15774078,29330092241.18405,state
2018,bengaluru urban,18405424,33812835282.27632,district
2018,central delhi,8165361,10515884583.426525,district
2018,pune,7890491,12601613622.467594,district
2018,birbhum,6066238,6130627463.516832,district
2018,chennai,5887343,10122319547.137985,district
2018,hyderabad,5786941,9503554478.108147,district
2018,khordha,5333443,4389717266.977921,district
2018,bankura,5179457,2464193070.534754,district
2018,jaipur,4954443,7882149494.55468,district
2018,north twenty four parganas,4856114,4545902671.152222,district
2018,110006,7198882,9029499185.157822,pincode
2018,560001,5764203,10161197002.295376,pincode
2018,600003,4430587,7070098756.153783,pincode
2018,400008,3111609,5436005565.19679,pincode
2018,731101,2644866,4429377129.783087,pincode
2018,700009,2531420,3555553312.5767612,pincode
2018,500012,1726388,3077635699.337487,pincode
2018,411001,1689517,2829639683.4067717,pincode
2018,221001,1439623,671779876.5266988,pincode
2018,201301,1438458,2181626866.4046803,pincode
2018,maharashtra,46090223,79518937047.82959,state
2018,karnataka,44812071,73008386576.05942,state
2018,west bengal,36513548,40489619211.70402,state
2018,uttar pradesh,36100767,55096743575.91497,state
2018,andhra pradesh,30759548,51473779406.84041,state
2018,delhi,29187719,39722857618.706436,state
2018,telangana,28921154,49509088448.04927,state
2018,tamil nadu,22457444,43302073975.890976,state
2018,madhya pradesh,21397555,33905608072.964783,state
2018,odisha,21142798,23429869571.55922,state
2018,bengaluru urban,33061353,50279165003.07312,district
2018,pune,11075153,18048884123.019886,district
2018,central delhi,9373395,13878492766.290386,district
2018,hyderabad,9360515,14727846731.548256,district
2018,chennai,8007699,14632395110.56675,district
2018,jaipur,7271209,12107341570.492035,district
2018,gautam buddha nagar,6083056,7483532543.63562,district
2018,mumbai,6060284,11506143747.453331,district
2018,rangareddy,5803319,9396311751.227482,district
2018,kolkata,5401244,8502095208.881001,district
2018,560001,7725284,14030425393.295612,pincode
2018,110006,7532374,11605568511.039162,pincode
2018,600003,5539392,10066365923.24963,pincode
2018,400008,4586309,8474903607.1238575,pincode
2018,731101,3284268,5847016363.011223,pincode
2018,700009,2939284,4991163446.523161,pincode
2018,500012,2576408,4841883809.168822,pincode
2018,201301,2504916,3217987818.841588,pincode
2018,411001,2176631,3917444399.4306126,pincode
2018,560068,1630650,1941175277.185885,pincode
2019,karnataka,86587609,117976382145.74966,state
2019,maharashtra,75079069,111420690920.33997,state
2019,telangana,65290702,95523262035.66321,state
2019,uttar pradesh,57324504,76524180134.0167,state
2019,andhra pradesh,57264522,83760595917.0792,state
2019,west bengal,47626388,50164672623.8785,state
2019,delhi,47007327,58469131789.49733,state
2019,rajasthan,43956040,61141158575.55252,state
2019,madhya pradesh,37301049,48070279522.042015,state
2019,odisha,34031942,35427127930.698456,state
2019,bengaluru urban,65174133,82111161572.76288,district
2019,hyderabad,24838664,34892156029.40753,district
2019,pune,23360634,32233517413.825317,district
2019,jaipur,19178441,25043540802.372772,district
2019,rangareddy,12952050,17677048557.63253,district
2019,central delhi,12885975,16258175800.83931,district
2019,chennai,11642449,18810971714.51368,district
2019,gautam buddha nagar,10750094,10286434896.5461,district
2019,medchal malkajgiri,10127087,13392043971.075241,district
2019,new delhi,10000765,13939472234.96883,district
2019,560001,16241340,23597361226.512825,pincode
2019,110006,10251048,13201959766.05106,pincode
2019,500012,9957548,15399177052.931395,pincode
2019,600003,8217185,12799152324.27052,pincode
2019,110011,6689740,9632804730.117004,pincode
2019,400008,6494529,10238553958.763014,pincode
2019,700009,6353573,7885002278.529919,pincode
2019,411006,5641935,9202990658.018358,pincode
2019,302001,4954219,7600396570.221162,pincode
2019,201301,4596696,4223121104.413077,pincode
2019,karnataka,115401604,163702024226.0841,state
2019,maharashtra,101149853,153294470088.05945,state
2019,telangana,89610379,155676443182.43457,state
2019,uttar pradesh,58883500,98917519370.67831,state
2019,delhi,57171512,81706816063.62862,state
2019,andhra pradesh,56409015,113634518758.22931,state
2019,rajasthan,50009286,89107313172.66756,state
2019,west bengal,47023535,57105691119.11844,state
2019,madhya pradesh,40846013,68334566380.56182,state
2019,tamil nadu,32171737,64207676025.75553,state
2019,bengaluru urban,89148659,113389910485.89922,district
2019,pune,44795652,58398808592.1738,district
2019,hyderabad,43511186,73949377453.0185,district
2019,jaipur,27449382,46056907216.76753,district
2019,new delhi,23313548,36146671717.918365,district
2019,rangareddy,16348519,25359412038.382965,district
2019,patna,13421445,26125484618.416542,district
2019,khordha,13339889,19006076643.493904,district
2019,kolkata,13259522,17260848900.77318,district
2019,lucknow,12624404,22426462674.94428,district
2019,560001,27169035,40026681539.0066,pincode
2019,500012,23303184,42709920754.79193,pincode
2019,411006,22544991,34073354893.758354,pincode
2019,110011,20001452,31366326747.68567,pincode
2019,302001,14130072,26047079270.71371,pincode
2019,700009,9694969,12068405239.946836,pincode
2019,800015,9362673,19331794343.882797,pincode
2019,226004,8966947,16438621373.818607,pincode
2019,751002,8318660,12733845249.989027,pincode
2019,600003,6992850,13700604318.48539,pincode
2019,karnataka,170733735,214536720438.18292,state
2019,maharashtra,148735581,199617506744.94272,state
2019,telangana,121495376,201930021130.42365,state
2019,andhra pradesh,76288614,139447944254.78943,state
2019,delhi,69537876,103196812046.45712,state
2019,uttar pradesh,68623959,111268137475.02844,state
2019,rajasthan,67303617,112468290031.92343,state
2019,west bengal,66444829,70540532616.82985,state
2019,madhya pradesh,53610411,77676321491.22867,state
2019,odisha,41422272,57304577359.217094,state
2019,bengaluru urban,131234422,150244275641.79712,district
2019,pune,67093416,78128868958.39702,district
2019,hyderabad,55159072,96365182751.25804,district
2019,jaipur,36334520,58402103360.67965,district
2019,new delhi,24687138,43288057341.92169,district
2019,rangareddy,23655175,33663962263.155968,district
2019,khordha,18364742,25509656902.49331,district
2019,medchal malkajgiri,17492750,23256556346.306458,district
2019,visakhapatnam,16694947,26944837120.046288,district
2019,kolkata,16306691,21451201632.248753,district
2019,560001,34182229,49823702321.09828,pincode
2019,500012,27360144,55516914964.120514,pincode
2019,411006,25995035,42031275308.282005,pincode
2019,110011,20159577,36968948004.60185,pincode
2019,302001,15037317,31903765546.790287,pincode
2019,700009,11494363,14573984421.133255,pincode
2019,751002,9990982,16300297217.157505,pincode
2019,800015,8554034,21451659382.23745,pincode
2019,400008,7234595,14467758895.186302,pincode
2019,226004,6687157,17110382946.6282,pincode
2019,karnataka,237796252,295047143447.2384,state
2019,maharashtra,201260620,272994428799.56488,state
2019,telangana,163572258,280746765547.7425,state
2019,andhra pradesh,107218103,200948315488.80518,state
2019,west bengal,96805838,88203610254.64601,state
2019,uttar pradesh,86905005,145538926507.3059,state
2019,rajasthan,85074242,159452410049.68317,state
2019,delhi,80744997,129024467424.89066,state
2019,madhya pradesh,68131989,104687926790.8659,state
2019,odisha,64995633,79769373632.04843,state
2019,bengaluru urban,180458808,199966708446.8142,district
2019,pune,91666565,103270644868.1607,district
2019,hyderabad,72987282,130230415629.3025,district
2019,jaipur,44335592,81782144762.48987,district
2019,rangareddy,31237803,44757331443.568375,district
2019,new delhi,29048107,54398427887.76768,district
2019,khordha,27477393,34227232121.528633,district
2019,visakhapatnam,23594874,39133296330.044624,district
2019,medchal malkajgiri,22999944,31417907129.793076,district
2019,kolkata,21917627,26475748918.32508,district
2019,560001,48600127,67204107791.7798,pincode
2019,411006,32779718,51360244641.273315,pincode
2019,500012,32637373,67244225971.71475,pincode
2019,110011,22861243,44827058149.79611,pincode
2019,302001,17153003,41220743922.1253,pincode
2019,700009,16310685,18429094743.25623,pincode
2019,751002,13743261,19669451911.7042,pincode
2019,400008,10498727,22289347327.905037,pincode
2019,800015,10441675,26228173437.46787,pincode
2019,600003,10008230,21375916666.727257,pincode
2020,karnataka,271033890,353402054999.4003,state
2020,maharashtra,238944081,319995196718.0683,state
2020,telangana,199409525,371343780368.2118,state
2020,andhra pradesh,127677357,252737214289.0485,state
2020,rajasthan,102258812,190308238561.00217,state
2020,uttar pradesh,97239132,172416434960.69037,state
2020,delhi,81747604,133616543642.58943,state
2020,madhya pradesh,79366746,126737281436.18527,state
2020,tamil nadu,66953473,116569686179.4346,state
2020,west bengal,66250381,96653305190.9406,state
2020,bengaluru urban,200174352,231970686013.7528,district
2020,pune,107497963,119146177775.3236,district
2020,hyderabad,94177232,183207208610.81787,district
2020,jaipur,52623661,98360847993.80875,district
2020,rangareddy,31802492,45881228273.95146,district
2020,visakhapatnam,27115031,48809747614.678894,district
2020,medchal malkajgiri,25458101,37404467180.931694,district
2020,central delhi,24757650,41219414205.0607,district
2020,mumbai suburban,23598054,40462122569.6479,district
2020,khordha,23152370,39755139238.6053,district
2020,500001,63671159,139394865595.49792,pincode
2020,560001,57330889,81134886975.52737,pincode
2020,411004,43278566,64894935103.99599,pincode
2020,302016,24180734,56174137377.66255,pincode
2020,110006,19881142,34803706848.31907,pincode
2020,600003,14352747,29310364582.884754,pincode
2020,110001,13167147,27716426760.692245,pincode
2020,700009,13084249,24503076745.659294,pincode
2020,751001,11782987,25543182753.84958,pincode
2020,400070,10817537,21066837485.651253,pincode
2020,karnataka,213221712,321104877020.14185,state
2020,maharashtra,184790761,296359517159.4161,state
2020,telangana,152055143,321531839352.42236,state
2020,andhra pradesh,144917855,302583689746.5449,state
2020,rajasthan,101954656,193763273003.28284,state
2020,uttar pradesh,100851965,178744016130.31216,state
2020,madhya pradesh,76340573,147922015289.08447,state
2020,delhi,66042018,107873438203.3316,state
2020,west bengal,57676797,100099431877.35757,state
2020,bihar,53386742,128806523628.85289,state
2020,bengaluru urban,132120979,176357097466.7659,district
2020,pune,58840981,94890914730.75931,district
2020,hyderabad,56374644,130820061488.30273,district
2020,jaipur,43871862,88270816977.90562,district
2020,visakhapatnam,25300401,48293889917.41437,district
2020,rangareddy,18068048,31273545586.261536,district
2020,medchal malkajgiri,17860704,29732057894.607735,district
2020,central delhi,17641823,30418597739.3527,district
2020,khordha,16842715,34814877058.416145,district
2020,ahmadabad,16430916,32731896547.150326,district
2020,500001,39752686,101961882246.87434,pincode
2020,560001,38973791,66590268182.415665,pincode
2020,411004,27617700,58352702890.56202,pincode
2020,302016,22032140,53610675078.51194,pincode
2020,110006,14401400,26006450222.981194,pincode
2020,110001,9780539,21370003546.27849,pincode
2020,800001,9603835,29875811977.924408,pincode
2020,751001,9411361,23813152297.287315,pincode
2020,600003,8641869,22394007817.575096,pincode
2020,380001,8490730,21210698645.19712,pincode
2020,karnataka,300360531,470740515696.6945,state
2020,maharashtra,268310924,440307079012.4761,state
2020,telangana,236372126,505961144755.88367,state
2020,andhra pradesh,204902935,467084130584.9388,state
2020,rajasthan,149088676,293678306162.4698,state
2020,uttar pradesh,127405259,248689955423.05322,state
2020,madhya pradesh,108579881,205701679984.5376,state
2020,delhi,96491861,175163962804.6604,state
2020,west bengal,79954504,156813355855.1383,state
2020,bihar,71503748,173328865111.81442,state
2020,bengaluru urban,188947684,261095181780.0901,district
2020,pune,101472134,154366363808.0403,district
2020,hyderabad,99285803,228448742377.47607,district
2020,jaipur,71797182,138189424031.4575,district
2020,visakhapatnam,34421299,67628440368.111465,district
2020,central delhi,32203761,61527717933.93762,district
2020,rangareddy,29573243,51787722036.044556,district
2020,bhopal,29560361,57525605025.512215,district
2020,medchal malkajgiri,28698311,48831695001.78223,district
2020,khordha,23387123,44638448273.52248,district
2020,500001,70732132,177532009421.7673,pincode
2020,560001,56516908,95602796543.47356,pincode
2020,411004,49082232,94100767700.43585,pincode
2020,302016,34723808,78104750484.0607,pincode
2020,110006,27731187,53768475790.81149,pincode
2020,462008,18608188,42836925858.3958,pincode
2020,800001,14656027,41210183921.21666,pincode
2020,700009,14161961,35897930520.847115,pincode
2020,751001,11770940,27337331950.38349,pincode
2020,110001,11598940,25361403335.98009,pincode
2020,karnataka,431536984,658036698565.0032,state
2020,maharashtra,407621004,622155530832.2585,state
2020,telangana,343643787,696350439226.9452,state
2020,andhra pradesh,286118552,654841546033.3186,state
2020,rajasthan,190283435,386034779836.48376,state
2020,uttar pradesh,178167517,357428826778.2578,state
2020,madhya pradesh,153652541,284275139772.3589,state
2020,delhi,120540417,216265088224.54358,state
2020,tamil nadu,111179701,206473197500.99268,state
2020,west bengal,100340645,199165491365.6468,state
2020,bengaluru urban,267720411,352536741958.4486,district
2020,pune,142350762,182511549425.14316,district
2020,hyderabad,117008707,243045184188.2821,district
2020,jaipur,82378485,159641718978.41748,district
2020,rangareddy,53405219,89256130453.08658,district
2020,medchal malkajgiri,49900746,81801106073.41168,district
2020,visakhapatnam,46551467,91879823025.40399,district
2020,bhopal,38492334,67905952477.88091,district
2020,central delhi,32194168,61575435521.28284,district
2020,mumbai suburban,31947471,52567087497.07483,district
2020,500001,63797806,154104662898.10648,pincode
2020,560001,56310863,93518053649.26508,pincode
2020,411004,48628369,83733590846.60262,pincode
2020,302016,31028451,71599277148.69725,pincode
2020,110006,24969702,48831647275.471146,pincode
2020,462008,20637374,44520942803.43778,pincode
2020,800001,14983099,39976507362.54611,pincode
2020,600003,11690163,26114457256.846283,pincode
2020,751001,11637193,26523469788.723434,pincode
2020,700009,11305243,28555964654.22016,pincode
2021,karnataka,523797492,754995357412.3948,state
2021,maharashtra,517860240,769887352153.2483,state
2021,telangana,412572110,799359264046.5657,state
2021,andhra pradesh,289747970,672444670176.5881,state
2021,rajasthan,252730919,491492581657.63354,state
2021,uttar pradesh,204499547,396287587577.55756,state
2021,madhya pradesh,201998498,343533954382.3015,state
2021,delhi,157359004,266928345043.49225,state
2021,tamil nadu,136556674,248668143873.65317,state
2021,west bengal,118254052,242937207475.51984,state
2021,bengaluru urban,348712787,432401341231.7671,district
2021,pune,208930588,253623629237.65796,district
2021,hyderabad,169703372,316572388133.7874,district
2021,jaipur,125917532,223771205713.25284,district
2021,bhopal,67309234,101725720745.41443,district
2021,rangareddy,60675056,98883148961.30931,district
2021,medchal malkajgiri,54854446,87516738646.29623,district
2021,central delhi,54173342,90711721159.77658,district
2021,mumbai suburban,49079788,75911506798.24135,district
2021,visakhapatnam,48248923,95308386037.8472,district
2021,560001,111898471,154275126291.57785,pincode
2021,500001,107274281,218270126529.36053,pincode
2021,411004,99287169,142692099313.18896,pincode
2021,302016,65639307,124138636281.23145,pincode
2021,110006,46104924,76683904356.11441,pincode
2021,462008,45920869,76097617508.03972,pincode
2021,800001,30937663,68071234953.67711,pincode
2021,600003,25512152,44939868773.04714,pincode
2021,400070,25090098,39416189451.46673,pincode
2021,751001,24151383,44482729136.236565,pincode
2021,maharashtra,573616486,915115055623.7152,state
2021,karnataka,530649046,837887151230.051,state
2021,telangana,495867544,1027958332797.5903,state
2021,andhra pradesh,352767134,850737499108.2987,state
2021,rajasthan,287477039,561702765169.2324,state
2021,uttar pradesh,241949131,482172489166.39343,state
2021,madhya pradesh,223314680,425500768035.631,state
2021,delhi,170157264,281941097684.5416,state
2021,bihar,155603622,374580255186.58875,state
2021,tamil nadu,146158442,263487341026.54623,state
2021,bengaluru urban,326804307,444422398357.67755,district
2021,pune,218732925,298657497266.993,district
2021,hyderabad,212326623,424872741465.13696,district
2021,jaipur,137247139,248390977964.5579,district
2021,bhopal,74643630,127038866031.39793,district
2021,rangareddy,63155281,113987187628.93881,district
2021,central delhi,62131856,100895875737.76093,district
2021,medchal malkajgiri,58755991,102864360004.68025,district
2021,visakhapatnam,54390299,114439012713.35336,district
2021,patna,53400850,114936398151.99364,district
2021,500001,148864777,315432046413.6635,pincode
2021,560001,123224371,183498284704.3348,pincode
2021,411004,120795663,186134320440.93646,pincode
2021,302016,81782827,152295120262.96942,pincode
2021,462008,57596018,101902493881.58667,pincode
2021,110006,54888173,88849307061.74399,pincode
2021,800001,42836603,91781680811.21812,pincode
2021,600003,31694305,54282023022.639435,pincode
2021,751001,30961581,53565783087.01067,pincode
2021,700009,30775525,59587220231.94326,pincode
2021,maharashtra,792874060,1159257305167.4514,state
2021,karnataka,753296539,1133234739157.5984,state
2021,telangana,622886768,1178289126292.2617,state
2021,andhra pradesh,432032550,984218035564.1218,state
2021,rajasthan,400284753,710511328542.4897,state
2021,madhya pradesh,311443334,504412603851.49896,state
2021,uttar pradesh,306543384,557080841279.8989,state
2021,delhi,238760608,383858316548.281,state
2021,tamil nadu,204357404,365207323053.92737,state
2021,bihar,187671113,397062760956.3983,state
2021,bengaluru urban,476485560,626123198813.8513,district
2021,pune,303322956,372243656247.4718,district
2021,hyderabad,262028284,479343321365.3726,district
2021,jaipur,193839196,313664435689.29987,district
2021,bhopal,103403998,146735124186.2163,district
2021,central delhi,88849847,137311394953.58371,district
2021,rangareddy,87884143,147772047919.14047,district
2021,medchal malkajgiri,79514766,130838255095.6952,district
2021,khordha,71647985,108452202806.23244,district
2021,visakhapatnam,69220981,136945652159.26515,district
2021,500001,173430239,335290201877.6652,pincode
2021,560001,171396431,241306340924.00638,pincode
2021,411004,155523883,217400690972.0777,pincode
2021,302016,108659324,179936124302.00922,pincode
2021,110006,77515502,117511789786.64261,pincode
2021,462008,74987334,111259178579.96481,pincode
2021,800001,49086869,90644799090.27641,pincode
2021,444510,45378525,84950919432.04364,pincode
2021,600003,42982007,71274098295.90457,pincode
2021,751001,41875475,65849220632.325775,pincode
2021,maharashtra,1010731502,1475358473128.29,state
2021,karnataka,931725438,1375471324349.8774,state
2021,telangana,775989773,1463758189500.9146,state
2021,andhra pradesh,522254003,1156264447083.9229,state
2021,rajasthan,487621597,903934418544.2667,state
2021,uttar pradesh,406157932,773890970072.1895,state
2021,madhya pradesh,404308084,656887492404.4789,state
2021,delhi,292683359,488695314062.3906,state
2021,tamil nadu,259155976,443723952594.79407,state
2021,bihar,245126945,519371614068.7477,state
2021,bengaluru urban,584958847,755926042210.8081,district
2021,pune,371337618,454584743765.05554,district
2021,hyderabad,325636475,582079170534.0186,district
2021,jaipur,231804892,394435778364.0141,district
2021,bhopal,134176541,190196223229.17587,district
2021,rangareddy,111354739,188838966046.13513,district
2021,central delhi,111134916,177625511230.04297,district
2021,medchal malkajgiri,98780634,164568262330.06238,district
2021,khordha,94505879,135122128258.68542,district
2021,mumbai suburban,92733033,134616103622.6073,district
2021,500001,213053128,398798138080.5086,pincode
2021,560001,206723470,283864051273.69073,pincode
2021,411004,185423020,259406175394.85846,pincode
2021,302016,130544931,225546213678.03116,pincode
2021,462008,97987017,145639258182.99155,pincode
2021,110006,96850347,152021116180.99402,pincode
2021,800001,61784983,113485175570.40105,pincode
2021,444510,55162139,103212697006.96257,pincode
2021,600003,54054310,83084090738.55415,pincode
2021,751001,52532360,79093274940.53792,pincode
2022,maharashtra,1169506438,1681399273981.1611,state
2022,karnataka,1057855407,1566649488305.8838,state
2022,telangana,886453385,1670638169828.9993,state
2022,andhra pradesh,582603911,1294320646554.8625,state
2022,rajasthan,564962220,1022050180980.1362,state
2022,uttar pradesh,473953246,883123174117.0391,state
2022,madhya pradesh,472703058,747665139599.6421,state
2022,delhi,330999861,536964920836.2892,state
2022,tamil nadu,294573150,512789201600.616,state
2022,bihar,284390434,611411695731.1455,state
2022,bengaluru urban,648380838,837938769153.0938,district
2022,pune,424149132,508475101454.5797,district
2022,hyderabad,372711414,661512502141.0775,district
2022,jaipur,262950613,434507898653.22876,district
2022,bhopal,159892411,221096758835.27948,district
2022,central delhi,128309915,198072597274.588,district
2022,rangareddy,127675017,216609881380.40106,district
2022,medchal malkajgiri,110893187,185168270983.38605,district
2022,mumbai suburban,104595313,148080835860.6061,district
2022,khordha,104052705,152745328927.4852,district
2022,500001,248675599,460948755722.1826,pincode
2022,560001,224793308,308663371704.65454,pincode
2022,411004,209101358,285005833904.6318,pincode
2022,302016,148956604,248958961898.95383,pincode
2022,462008,119378084,172143368941.8931,pincode
2022,110006,112708284,170854549748.09644,pincode
2022,444510,69862188,129741278088.80704,pincode
2022,800001,68427326,126972470461.14954,pincode
2022,600003,62446149,95888452779.63263,pincode
2022,751001,58525215,91210203433.81744,pincode
2022,maharashtra,1407533113,2006272382175.9395,state
2022,karnataka,1277448960,1867146114059.214,state
2022,telangana,1063382557,1951414544517.106,state
2022,andhra pradesh,671134030,1479853948202.9197,state
2022,rajasthan,661170150,1152833518600.3425,state
2022,uttar pradesh,595298776,1067515182419.9624,state
2022,madhya pradesh,544899829,867024737328.533,state
2022,delhi,410634184,629855650458.2181,state
2022,bihar,360145029,754461454966.1152,state
2022,tamil nadu,354506937,590134727678.3616,state
2022,bengaluru urban,786978117,1013933810932.2711,district
2022,pune,520321567,620747087392.5974,district
2022,hyderabad,446470234,775908693266.7238,district
2022,jaipur,314511010,497492495896.22046,district
2022,bhopal,185588829,255910395858.58392,district
2022,rangareddy,161888380,267052522620.51453,district
2022,central delhi,159034619,232911858055.0848,district
2022,medchal malkajgiri,134114768,221257316347.71973,district
2022,mumbai suburban,125227570,172590494011.93738,district
2022,khordha,124986765,174299128204.99298,district
2022,500001,296874552,536659038240.45605,pincode
2022,560001,271515853,367011500113.69904,pincode
2022,411004,262731186,356436998068.0399,pincode
2022,302016,181570316,290408785688.9401,pincode
2022,110006,139136098,200269818218.75818,pincode
2022,462008,137837715,198147341166.69937,pincode
2022,444510,93575752,168031360482.06287,pincode
2022,800001,90260337,162195041186.36075,pincode
2022,600003,75241472,108938946466.4329,pincode
2022,751001,69262961,101369063330.80547,pincode
2022,telangana,1628165401,2706325865752.0645,state
2022,maharashtra,1486389417,1947579187374.532,state
2022,karnataka,1189761328,1665918232610.9397,state
2022,rajasthan,767541360,1238489256318.2173,state
2022,madhya pradesh,731259559,1032908494249.5833,state
2022,uttar pradesh,703589072,1121370050898.7217,state
2022,andhra pradesh,642855035,1385077409712.0752,state
2022,delhi,475592161,677612647116.1133,state
2022,bihar,437367385,791446486557.8687,state
2022,tamil nadu,393496175,631879220373.2378,state
2022,hyderabad,1018658174,1586047443981.7903,district
2022,bengaluru urban,738035161,930886457807.8191,district
2022,pune,505018506,549531791371.8348,district
2022,jaipur,377469909,564818218571.2906,district
2022,central delhi,243139962,327191972497.86694,district
2022,mumbai suburban,197724164,247678975470.48975,district
2022,patna,188665398,298860414441.2887,district
2022,khordha,182514532,234713995654.54218,district
2022,chhindwara,169367916,236429180484.7117,district
2022,rangareddy,169029273,272598081405.12262,district
2022,500034,832279716,1276247184385.9084,pincode
2022,110006,222465526,294132832922.7636,pincode
2022,302012,220682742,322546632329.7969,pincode
2022,411033,217102802,241609848561.36987,pincode
2022,480001,164538285,229267141662.06653,pincode
2022,560027,160449902,217879670192.8064,pincode
2022,800001,143978604,226644911906.22284,pincode
2022,400070,137051260,170363147506.6858,pincode
2022,751001,123281915,161654599037.78528,pincode
2022,700039,82900479,153815755896.1881,pincode
2022,telangana,1819506832,2978252562916.1367,state
2022,maharashtra,1688775272,2210470839617.1724,state
2022,karnataka,1378910371,1904516622907.6313,state
2022,madhya pradesh,898828268,1302999857548.291,state
2022,rajasthan,865574848,1456956699398.6523,state
2022,uttar pradesh,836369071,1376378802069.4856,state
2022,andhra pradesh,690017077,1424725083041.6873,state
2022,bihar,517084649,936012149674.8281,state
2022,delhi,515203457,744915016018.5759,state
2022,odisha,445714743,652217064523.9851,state
2022,hyderabad,1133829812,1753799022390.8733,district
2022,bengaluru urban,876647100,1092079302011.8888,district
2022,pune,544687754,590334491443.0927,district
2022,jaipur,404922774,635458549842.8215,district
2022,central delhi,280960656,386107883617.5307,district
2022,mumbai suburban,248827345,310278216439.5166,district
2022,chhindwara,245710341,350638062974.85736,district
2022,patna,217434851,352393762150.454,district
2022,khordha,208260666,268479766618.40594,district
2022,rangareddy,191136402,295773661437.69385,district
2022,500034,967508435,1501499856273.482,pincode
2022,560027,290033166,383980424744.5664,pincode
2022,411033,263248580,298971294541.89966,pincode
2022,110006,258183697,349487194869.16797,pincode
2022,302012,255709582,401447081116.4074,pincode
2022,480001,240053791,341860974379.64307,pincode
2022,400070,180508440,226320223720.0673,pincode
2022,800001,167166031,269652534972.60126,pincode
2022,751001,140210762,184650659638.9054,pincode
2022,700039,119193886,219834107643.85355,pincode
2023,maharashtra,1848268499,2362285906059.0,state
2023,karnataka,1844697189,2470227226317.0,state
2023,telangana,1440331458,2372581734284.0,state
2023,andhra pradesh,1145532464,2249051316530.0,state
2023,uttar pradesh,1002557722,1636936265372.0,state
2023,rajasthan,921096686,1554913375850.0,state
2023,madhya pradesh,734566970,1062026599901.0,state
2023,bihar,547831195,1039276959944.0,state
2023,odisha,482896088,753968977663.0,state
2023,tamil nadu,461212387,715583673518.0,state
2023,bengaluru urban,1012347596,1167307214747.0,district
2023,pune,505841046,489824129517.0,district
2023,rangareddy,329344012,487359310308.0,district
2023,hyderabad,286887382,415188829698.0,district
2023,medchal malkajgiri,256028955,382423152200.0,district
2023,jaipur,250101628,383391511211.0,district
2023,visakhapatnam,164358781,277211090180.0,district
2023,thane,142097640,164652846524.0,district
2023,gurugram,139674963,149429170153.0,district
2023,gautam buddha nagar,130607154,135979906082.0,district
2023,500072,48884911,69139644856.0,pincode
2023,560068,48544078,49093973079.0,pincode
2023,560037,36487467,39147776972.0,pincode
2023,201301,34429152,30542090341.0,pincode
2023,560076,31427375,31972479780.0,pincode
2023,500081,31374325,36780272643.0,pincode
2023,560078,30074920,33530112337.0,pincode
2023,500032,28718299,32875192612.0,pincode
2023,560100,27670041,26852310085.0,pincode
2023,560043,27613832,31447437376.0,pincode
2023,karnataka,2067867526,2777599098830.0,state
2023,maharashtra,2063717848,2606004606468.0,state
2023,telangana,1665430971,2698149935008.0,state
2023,andhra pradesh,1305656964,2506039086916.0,state
2023,uttar pradesh,1211410582,1836622076526.0,state
2023,rajasthan,1073459338,1698455586300.0,state
2023,madhya pradesh,848037060,1202440949508.0,state
2023,bihar,683933094,1226046745390.0,state
2023,west bengal,545317686,1009315106972.0,state
2023,odisha,544597829,799332054104.0,state
2023,bengaluru urban,1124713207,1308665877658.0,district
2023,pune,554427668,535801107518.0,district
2023,rangareddy,384456496,561147925919.0,district
2023,hyderabad,328016262,467328236325.0,district
2023,medchal malkajgiri,296231089,434043629718.0,district
2023,jaipur,291245541,414094307123.0,district
2023,visakhapatnam,184918179,303874597259.0,district
2023,gurugram,168827725,167788722810.0,district
2023,gautam buddha nagar,157681545,150948217823.0,district
2023,thane,155714593,178939371434.0,district
2023,500072,58118143,80065833852.0,pincode
2023,560068,54020876,54852308815.0,pincode
2023,560037,41049027,45095955882.0,pincode
2023,201301,40364243,33059188347.0,pincode
2023,500081,37375003,43237645304.0,pincode
2023,500032,34638820,39216208745.0,pincode
2023,560076,34380780,35810435341.0,pincode
2023,560078,33172774,37560041959.0,pincode
2023,560100,31610913,30713650869.0,pincode
2023,411057,30991776,24785623038.0,pincode
2023,karnataka,2369262302,2985880895587.0,state
2023,maharashtra,2290678587,2752172184241.0,state
2023,telangana,1875045924,2870202901073.0,state
2023,andhra pradesh,1475164403,2653414098098.0,state
2023,uttar pradesh,1354622466,1861748362006.0,state
2023,rajasthan,1237232167,1800225443616.0,state
2023,madhya pradesh,978812593,1237821998249.0,state
2023,bihar,734238751,1148153363366.0,state
2023,west bengal,632093191,1071548606382.0,state
2023,odisha,622397603,840298338124.0,state
2023,bengaluru urban,1298080873,1442850468373.0,district
2023,pune,625390706,593994260196.0,district
2023,rangareddy,439381886,615864362548.0,district
2023,hyderabad,371834420,505153023373.0,district
2023,jaipur,342432937,452155901967.0,district
2023,medchal malkajgiri,341559058,477958010169.0,district
2023,visakhapatnam,209884966,328927220951.0,district
2023,gurugram,188985975,179654213171.0,district
2023,gautam buddha nagar,180450033,164910883457.0,district
2023,thane,170404523,188843145118.0,district
2023,500072,65847402,88142226984.0,pincode
2023,560068,62632584,61263877641.0,pincode
2023,560037,45865518,49216757881.0,pincode
2023,201301,45155149,35368082651.0,pincode
2023,500081,41403377,46841816235.0,pincode
2023,560076,39572187,39693662048.0,pincode
2023,560078,38275825,41125711463.0,pincode
2023,500032,37909563,43121138159.0,pincode
2023,560100,36711660,34628577402.0,pincode
2023,411057,35730539,28470754620.0,pincode
2023,maharashtra,2572162725,3098014934958.0,state
2023,karnataka,2564434164,3241376424383.0,state
2023,telangana,2020822178,3116417474765.0,state
2023,andhra pradesh,1596987426,2802514977823.0,state
2023,uttar pradesh,1566705382,2257441161652.0,state
2023,rajasthan,1349472154,2066379607801.0,state
2023,madhya pradesh,1102294613,1426502880687.0,state
2023,bihar,924427274,1434735808415.0,state
2023,west bengal,737953238,1249394976078.0,state
2023,odisha,732137476,978791865637.0,state
2023,bengaluru urban,1345789742,1497515119439.0,district
2023,pune,673819127,639679187750.0,district
2023,rangareddy,460487052,647241284036.0,district
2023,hyderabad,388720083,532414580487.0,district
2023,jaipur,364600665,506659281364.0,district
2023,medchal malkajgiri,362103399,502048775975.0,district
2023,visakhapatnam,223584765,344512874812.0,district
2023,gurugram,200753426,196708697020.0,district
2023,thane,192539402,209015388352.0,district
2023,gautam buddha nagar,192419424,180306500632.0,district
2023,500072,69292728,91284974730.0,pincode
2023,560068,63713816,62360639499.0,pincode
2023,201301,47085837,38136753615.0,pincode
2023,560037,43844472,47520783905.0,pincode
2023,500081,41757627,48496303521.0,pincode
2023,560076,40062218,40406677455.0,pincode
2023,560078,39399547,42452583912.0,pincode
2023,500032,38490289,44458212241.0,pincode
2023,410501,37823604,30451717116.0,pincode
2023,560100,37641570,35551238822.0,pincode
2024,maharashtra,2835770481,3372898894856.0,state
2024,karnataka,2796439155,3485248654506.0,state
2024,telangana,2179385307,3203769301073.0,state
2024,uttar pradesh,1785296948,2477543106639.0,state
2024,andhra pradesh,1755428485,3012725669749.0,state
2024,rajasthan,1599474007,2350500173790.0,state
2024,madhya pradesh,1286156614,1625420229864.0,state
2024,bihar,1078734783,1637736864896.0,state
2024,odisha,864178452,1156388722536.0,state
2024,west bengal,836408587,1422025506833.0,state
2024,bengaluru urban,1410557938,1530943099565.0,district
2024,pune,733071386,673821354148.0,district
2024,rangareddy,488047529,658571093582.0,district
2024,jaipur,417960026,559737992837.0,district
2024,hyderabad,402314318,527685058004.0,district
2024,medchal malkajgiri,380041109,499878493547.0,district
2024,visakhapatnam,238418938,363341573689.0,district
2024,gurugram,220314122,209018505349.0,district
2024,gautam buddha nagar,214720949,194154342486.0,district
2024,indore,204031251,225074399956.0,district
2024,500072,69094126,88039295927.0,pincode
2024,560068,65916906,63058218288.0,pincode
2024,201301,52120222,40796556514.0,pincode
2024,560037,44437042,46789563898.0,pincode
2024,410501,43473832,33452714100.0,pincode
2024,500081,43128414,49113797461.0,pincode
2024,560076,40863256,40420178638.0,pincode
2024,560078,40535894,42657750513.0,pincode
2024,411057,40434976,31533887646.0,pincode
2024,500032,40014033,45087861514.0,pincode
2024,maharashtra,3063494802,3573189333587.0,state
2024,karnataka,3042012848,3785034703438.0,state
2024,telangana,2417264357,3461542433312.0,state
2024,uttar pradesh,2135538658,2704223360067.0,state
2024,andhra pradesh,1930122300,3181922420088.0,state
2024,rajasthan,1818855106,2497094537924.0,state
2024,madhya pradesh,1435472057,1779679946627.0,state
2024,bihar,1313888385,1886846564676.0,state
2024,west bengal,980480707,1547343815564.0,state
2024,odisha,944027735,1164839284001.0,state
2024,bengaluru urban,1497173080,1626460643067.0,district
2024,pune,774940848,703288284286.0,district
2024,rangareddy,539561247,707566316827.0,district
2024,jaipur,473991132,581415499446.0,district
2024,hyderabad,435136278,550918208821.0,district
2024,medchal malkajgiri,416369023,532889975847.0,district
2024,gurugram,267480541,231403496054.0,district
2024,gautam buddha nagar,265595986,216594147530.0,district
2024,visakhapatnam,260339876,378402015204.0,district
2024,indore,224896033,239315772788.0,district
2024,500072,76230583,93277825439.0,pincode
2024,560068,69364986,66289367831.0,pincode
2024,201301,62464983,44004838882.0,pincode
2024,500081,47745271,52611737092.0,pincode
2024,410501,46907334,34713255109.0,pincode
2024,560037,46776034,48880395601.0,pincode
2024,500032,43718050,47723230498.0,pincode
2024,560076,42881778,42679317598.0,pincode
2024,560078,42529166,45410228491.0,pincode
2024,411057,42406480,32822122569.0,pincode
2024,maharashtra,3287403995,3687268662139.0,state
2024,karnataka,3261134095,3907202566484.0,state
2024,telangana,2610137835,3551316976598.0,state
2024,uttar pradesh,2285955833,2717475205234.0,state
2024,andhra pradesh,2091371362,3226645607489.0,state
2024,rajasthan,1935405035,2472257715905.0,state
2024,madhya pradesh,1537738457,1761082466531.0,state
2024,bihar,1352876223,1780280473339.0,state
2024,west bengal,1084916445,1607643782237.0,state
2024,odisha,1023940349,1177233944634.0,state
2024,bengaluru urban,1631451937,1750492470314.0,district
2024,pune,839977058,761109455466.0,district
2024,rangareddy,577835181,738052396062.0,district
2024,medchal malkajgiri,501688745,624450298660.0,district
2024,hyderabad,465828755,570267006787.0,district
2024,jaipur,392547155,435623980901.0,district
2024,gautambuddha nagar,291856209,236884974417.0,district
2024,gurugram,291583503,249171079828.0,district
2024,indore,243877173,252129873604.0,district
2024,thane,232855213,237163270363.0,district
2024,500072,92129066,108183377419.0,pincode
2024,201301,68967992,49390127364.0,pincode
2024,500081,64860408,70783617503.0,pincode
2024,560068,63337647,60042061003.0,pincode
2024,560100,57890073,54596825856.0,pincode
2024,452001,54979662,48977311740.0,pincode
2024,410501,51594896,38484342016.0,pincode
2024,560037,50010832,51995620737.0,pincode
2024,411057,46700269,37628700658.0,pincode
2024,560066,44823424,45681565757.0,pincode
2024,maharashtra,3634231839,4151028450887.0,state
2024,karnataka,3455056424,4151819803822.0,state
2024,telangana,2822451603,3859050535418.0,state
2024,uttar pradesh,2544890265,3214106522459.0,state
2024,andhra pradesh,2296445544,3452015568966.0,state
2024,rajasthan,2043469547,2793049371408.0,state
2024,madhya pradesh,1685401835,2003305068845.0,state
2024,bihar,1559667675,2098927476047.0,state
2024,west bengal,1227135682,1810100029406.0,state
2024,odisha,1143097568,1305457593239.0,state
2024,bengaluru urban,1674347983,1790144192589.0,district
2024,pune,900035103,817012243191.0,district
2024,rangareddy,616593580,775467300648.0,district
2024,medchal malkajgiri,534184945,651550001586.0,district
2024,hyderabad,497079422,601741671786.0,district
2024,jaipur,419541051,484830515848.0,district
2024,gautambuddha nagar,308036927,255133255191.0,district
2024,gurugram,301187458,265842877273.0,district
2024,indore,264106034,277132973152.0,district
2024,thane,260133540,262082431087.0,district
2024,500072,97079697,111354370899.0,pincode
2024,201301,71597704,52354483878.0,pincode
2024,500081,67246969,72596118114.0,pincode
2024,560068,63798364,60719442481.0,pincode
2024,560100,58873952,55139541256.0,pincode
2024,452001,58325781,52789642819.0,pincode
2024,410501,55813356,42271781255.0,pincode
2024,411057,48685493,38546349566.0,pincode
2024,560037,48507070,50370682932.0,pincode
2024,560066,44494164,45074223595.0,pincode
